count,key
1,男子_main_produce
1,微雕_main_produce
1,美体塑身_main_produce
1,医疗美容_main_produce
1,植发_main_produce
1,美疗_main_produce
2,养身_main_produce
2,丽人_main_produce
3,正餐服务_main_produce
3,美容服务_main_produce
3,痘_main_produce
3,纤体_main_produce
4,塑型_main_produce
4,宠物美容_main_produce
5,养心_main_produce
6,整形_main_produce
6,形体_main_produce
6,美颜_main_produce
6,女子_main_produce
6,美肤_main_produce
9,抗衰_main_produce
9,歌厅_main_produce
9,临床体液_main_produce
9,包装饲料_main_produce
11,妇科专业_main_produce
12,美容院_main_produce
12,脱毛_main_produce
13,美妆_main_produce
13,晒_main_produce
13,妇产科_main_produce
13,祛_main_produce
14,理发_main_produce
14,沙龙_main_produce
15,修脚服务_main_produce
15,养颜_main_produce
16,销售宠物用品_main_produce
16,灸_main_produce
17,康体_main_produce
17,瘦身_main_produce
24,个人形象设计_main_produce
24,颜_main_produce
25,内科_main_produce
25,理疗_main_produce
27,美甲_main_produce
28,美体_main_produce
29,塑身_main_produce
30,祛痘_main_produce
32,足_main_produce
34,产后_main_produce
34,胸_main_produce
40,调理_main_produce
44,皮肤_main_produce
53,洗浴_main_produce
56,韩式_main_produce
58,剪_main_produce
59,美容美发_main_produce
59,彩妆_main_produce
66,减肥_main_produce
79,美发_main_produce
88,会所_main_produce
94,零售日用品_main_produce
114,造型_main_produce
123,宠物用品_main_produce
